chrV.DBV	140330	140330
chrVIII.DBV	324385	324385
chrVIII.DBV	325439	325439
chrVIII.DBV	328113	328113
chrVIII.DBV	334979	334979
chrVIII.DBV	336067	336067
chrVIII.DBV	336571	336571
chrVIII.DBV	338350	338350
chrVIII.DBV	338846	338846
chrVIII.DBV	342506	342506
chrVIII.DBV	344646	344646
chrVIII.DBV	345560	345560
chrVIII.DBV	345995	345995
chrVIII.DBV	346889	346889
chrVIII.DBV	347132	347132
chrVIII.DBV	393492	393492
chrVIII.DBV	394044	394044
chrVIII.DBV	395859	395859
chrVIII.DBV	396311	396311
chrVIII.DBV	399325	399325
chrVIII.DBV	399853	399853
chrVIII.DBV	400770	400770
chrVIII.DBV	404621	404621
chrVIII.DBV	407079	407079
chrVIII.DBV	407752	407752
chrVIII.DBV	410228	410228
chrVIII.DBV	412224	412224
chrVIII.DBV	412532	412532
chrVIII.DBV	415038	415038
chrVIII.DBV	415491	415491
chrVIII.DBV	416054	416054
chrVIII.DBV	416482	416482
chrVIII.DBV	416739	416739
chrX.DBV	599239	599239
