chrI.CBS	58961	58961
chrI.CBS	58965	58965
chrII.CBS	264141	264141
chrII.CBS	264272	264272
chrII.CBS	265853	265853
chrII.CBS	377416	377416
chrII.CBS	379046	379046
chrII.CBS	381294	381294
chrII.CBS	397859	397859
chrII.CBS	404615	404615
chrIII.CBS	131834	131834
chrIII.CBS	135096	135096
chrIII.CBS	139438	139438
chrIII.CBS	141170	141170
chrIII.CBS	141606	141606
chrIII.CBS	146335	146335
chrIII.CBS	147169	147169
chrIII.CBS	147759	147759
chrIII.CBS	148395	148395
chrIII.CBS	150774	150774
chrIII.CBS	154996	154996
chrIII.CBS	157390	157390
chrIII.CBS	157615	157615
chrIV.CBS	30716	30716
chrIV.CBS	167452	167452
chrIV.CBS	174088	174088
chrIV.CBS	328080	328080
chrIV.CBS	432634	432634
chrIV.CBS	432716	432716
chrIV.CBS	460280	460280
chrIV.CBS	517120	517120
chrIV.CBS	544589	544589
chrIV.CBS	545173	545173
chrIV.CBS	550011	550011
chrIV.CBS	550131	550131
chrIV.CBS	559474	559474
chrIV.CBS	882595	882595
chrIV.CBS	886475	886475
chrIV.CBS	887542	887542
chrIV.CBS	887735	887735
chrIV.CBS	890173	890173
chrIV.CBS	944126	944126
chrIV.CBS	946167	946167
chrIV.CBS	951739	951739
chrIV.CBS	951980	951980
chrIV.CBS	1091956	1091956
chrIV.CBS	1103014	1103014
chrIV.CBS	1103230	1103230
chrIV.CBS	1108421	1108421
chrIV.CBS	1113326	1113326
chrIV.CBS	1115106	1115106
chrIV.CBS	1116826	1116826
chrIV.CBS	1116849	1116849
chrIV.CBS	1116872	1116872
chrIV.CBS	1116874	1116874
chrIV.CBS	1116881	1116881
chrIV.CBS	1116888	1116888
chrIV.CBS	1116889	1116889
chrIV.CBS	1117315	1117315
chrIV.CBS	1117351	1117351
chrIV.CBS	1117579	1117579
chrIV.CBS	1118567	1118567
chrIV.CBS	1119128	1119128
chrIV.CBS	1121789	1121789
chrIV.CBS	1122855	1122855
chrIV.CBS	1123666	1123666
chrIV.CBS	1123820	1123820
chrIV.CBS	1124272	1124272
chrIV.CBS	1215960	1215960
chrIV.CBS	1216326	1216326
chrIV.CBS	1218475	1218475
chrIV.CBS	1218726	1218726
chrIV.CBS	1219123	1219123
chrIV.CBS	1437822	1437822
chrIV.CBS	1440606	1440606
chrIV.CBS	1442148	1442148
chrIV.CBS	1446459	1446459
chrIV.CBS	1449391	1449391
chrIV.CBS	1451389	1451389
chrIV.CBS	1452615	1452615
chrIV.CBS	1453548	1453548
chrIV.CBS	1457537	1457537
chrIV.CBS	1459128	1459128
chrIV.CBS	1463092	1463092
chrIV.CBS	1465733	1465733
chrIV.CBS	1465928	1465928
chrIV.CBS	1466217	1466217
chrIV.CBS	1468215	1468215
chrIV.CBS	1469722	1469722
chrIV.CBS	1471378	1471378
chrIV.CBS	1474812	1474812
chrIV.CBS	1475331	1475331
chrV.CBS	25644	25644
chrV.CBS	25910	25910
chrV.CBS	26164	26164
chrV.CBS	27317	27317
chrV.CBS	36180	36180
chrV.CBS	168368	168368
chrV.CBS	169777	169777
chrV.CBS	174646	174646
chrV.CBS	175647	175647
chrVI.CBS	118633	118633
chrVI.CBS	118865	118865
chrVI.CBS	118917	118917
chrVI.CBS	119716	119716
chrVI.CBS	120097	120097
chrVI.CBS	131472	131472
chrVI.CBS	132883	132883
chrVI.CBS	138892	138892
chrVI.CBS	185858	185858
chrVI.CBS	185973	185973
chrVI.CBS	276693	276693
chrVI.CBS	277659	277659
chrVII.CBS	403223	403223
chrVII.CBS	406133	406133
chrVII.CBS	406459	406459
chrVII.CBS	407750	407750
chrVII.CBS	407753	407753
chrVII.CBS	424930	424930
chrVII.CBS	428790	428790
chrVII.CBS	431099	431099
chrVII.CBS	431463	431463
chrVII.CBS	455157	455157
chrVII.CBS	456021	456021
chrVII.CBS	456024	456024
chrVII.CBS	456391	456391
chrVII.CBS	458337	458337
chrVII.CBS	458421	458421
chrVII.CBS	458600	458600
chrVII.CBS	458814	458814
chrVII.CBS	459117	459117
chrVII.CBS	459217	459217
chrVII.CBS	459252	459252
chrVII.CBS	459670	459670
chrVII.CBS	459859	459859
chrVII.CBS	808296	808296
chrVII.CBS	808349	808349
chrVII.CBS	848609	848609
chrVIII.CBS	283043	283043
chrVIII.CBS	284421	284421
chrVIII.CBS	287195	287195
chrVIII.CBS	439024	439024
chrVIII.CBS	441438	441438
chrVIII.CBS	441668	441668
chrIX.CBS	251851	251851
chrIX.CBS	252589	252589
chrIX.CBS	253180	253180
chrIX.CBS	261285	261285
chrIX.CBS	262721	262721
chrIX.CBS	326965	326965
chrIX.CBS	327695	327695
chrIX.CBS	328806	328806
chrX.CBS	103244	103244
chrX.CBS	106213	106213
chrX.CBS	404407	404407
chrX.CBS	406009	406009
chrX.CBS	406012	406012
chrX.CBS	406014	406014
chrX.CBS	657606	657606
chrX.CBS	657614	657614
chrX.CBS	657936	657936
chrX.CBS	658038	658038
chrX.CBS	658082	658082
chrX.CBS	658104	658104
chrX.CBS	658239	658239
chrX.CBS	658917	658917
chrX.CBS	659041	659041
chrX.CBS	659574	659574
chrXI.CBS	272568	272568
chrXI.CBS	274076	274076
chrXI.CBS	275062	275062
chrXI.CBS	276322	276322
chrXI.CBS	277860	277860
chrXI.CBS	534778	534778
chrXI.CBS	534836	534836
chrXI.CBS	534962	534962
chrXI.CBS	534983	534983
chrXI.CBS	536618	536618
chrXI.CBS	538317	538317
chrXI.CBS	538693	538693
chrXI.CBS	538712	538712
chrXI.CBS	538850	538850
chrXI.CBS	539117	539117
chrXI.CBS	540456	540456
chrXI.CBS	540457	540457
chrXI.CBS	541095	541095
chrXI.CBS	542076	542076
chrXI.CBS	543052	543052
chrXI.CBS	544459	544459
chrXI.CBS	546547	546547
chrXII.CBS	378572	378572
chrXII.CBS	379278	379278
chrXII.CBS	380261	380261
chrXII.CBS	381251	381251
chrXII.CBS	385280	385280
chrXII.CBS	385826	385826
chrXII.CBS	394678	394678
chrXII.CBS	984447	984447
chrXII.CBS	985385	985385
chrXII.CBS	990655	990655
chrXII.CBS	990870	990870
chrXII.CBS	995204	995204
chrXII.CBS	995805	995805
chrXIII.CBS	495317	495317
chrXIII.CBS	688403	688403
chrXIII.CBS	690128	690128
chrXV.CBS	281094	281094
